"Prospect Name","Domain","Relevant URL","Category","Country/Market","Audience","Why Relevant to Nexora","Observed Link Opportunity","Suggested Nexora Target Page","Suggested Pitch Angle","Contact Route","Contact Page","Editorial/Submission Guidelines","Quality Rating","Relevance Rating","Difficulty Rating","Lead Potential","Link Potential","Priority Score","Status","Notes"
"EnergySage","energysage.com","https://www.energysage.com/solar/","Solar marketplace / consumer education","United States / national or stated audience","US homeowners","Active, editorially credible solar marketplace / consumer education with audience overlap around homeowner solar decisions.","Evidence-led resource inclusion or expert contribution","future solar system-size estimator","Independent sizing/checklist resource for homeowners","Editorial/contact route to verify","Unknown — verify before any approved outreach","Verify current policy before outreach; no account or submission created.","7","8","7","7","7","High","Qualified — research only","Desk-qualified from active public site and topical fit; no outreach, submission, account, or placement request made. Timing: AFTER ESTIMATOR."
"Solar.com","solar.com","https://solar.com/learn/","Solar consumer education","United States / national or stated audience","US homeowners","Active, editorially credible solar consumer education with audience overlap around homeowner solar decisions.","Evidence-led resource inclusion or expert contribution","future solar system-size estimator","Independent sizing/checklist resource for homeowners","Editorial/contact route to verify","Unknown — verify before any approved outreach","Verify current policy before outreach; no account or submission created.","7","8","7","7","7","High","Qualified — research only","Desk-qualified from active public site and topical fit; no outreach, submission, account, or placement request made. Timing: AFTER ESTIMATOR."
"SolarReviews","solarreviews.com","https://www.solarreviews.com/blog","Solar consumer education","United States / national or stated audience","US homeowners","Active, editorially credible solar consumer education with audience overlap around homeowner solar decisions.","Evidence-led resource inclusion or expert contribution","future solar system-size estimator","Independent sizing/checklist resource for homeowners","Editorial/contact route to verify","Unknown — verify before any approved outreach","Verify current policy before outreach; no account or submission created.","7","8","7","7","7","High","Qualified — research only","Desk-qualified from active public site and topical fit; no outreach, submission, account, or placement request made. Timing: AFTER ESTIMATOR."
"Solar Power World","solarpowerworldonline.com","https://www.solarpowerworldonline.com/","Solar trade publication","United States / national or stated audience","US solar industry","Active, editorially credible solar trade publication with audience overlap around homeowner solar decisions.","Data-led editorial pitch or expert-source contribution","future original research","Aggregated homeowner-decision insight, no sales claim","Editorial/newsroom route to verify","Unknown — verify before any approved outreach","Verify current policy before outreach; no account or submission created.","8","7","8","5","7","High","Qualified — research only","Desk-qualified from active public site and topical fit; no outreach, submission, account, or placement request made. Timing: DIGITAL PR ONLY."
"pv magazine USA","pv-magazine-usa.com","https://pv-magazine-usa.com/","Solar trade publication","United States / national or stated audience","US energy professionals","Active, editorially credible solar trade publication with audience overlap around homeowner solar decisions.","Data-led editorial pitch or expert-source contribution","future original research","Aggregated homeowner-decision insight, no sales claim","Editorial/newsroom route to verify","Unknown — verify before any approved outreach","Verify current policy before outreach; no account or submission created.","8","7","8","5","7","High","Qualified — research only","Desk-qualified from active public site and topical fit; no outreach, submission, account, or placement request made. Timing: DIGITAL PR ONLY."
"Renewable Energy World","renewableenergyworld.com","https://www.renewableenergyworld.com/article-guidelines/","Renewable-energy publication","United States / national or stated audience","Energy professionals","Active, editorially credible renewable-energy publication with audience overlap around homeowner solar decisions.","Data-led editorial pitch or expert-source contribution","future original research","Aggregated homeowner-decision insight, no sales claim","Editorial/newsroom route to verify","Unknown — verify before any approved outreach","Verify current policy before outreach; no account or submission created.","8","7","8","5","7","High","Qualified — research only","Desk-qualified from active public site and topical fit; no outreach, submission, account, or placement request made. Timing: DIGITAL PR ONLY."
"Solar Builder","solarbuildermag.com","https://solarbuildermag.com/","Solar trade publication","United States / national or stated audience","Solar professionals","Active, editorially credible solar trade publication with audience overlap around homeowner solar decisions.","Data-led editorial pitch or expert-source contribution","future original research","Aggregated homeowner-decision insight, no sales claim","Editorial/newsroom route to verify","Unknown — verify before any approved outreach","Verify current policy before outreach; no account or submission created.","8","7","8","5","7","High","Qualified — research only","Desk-qualified from active public site and topical fit; no outreach, submission, account, or placement request made. Timing: DIGITAL PR ONLY."
"PV Tech","pv-tech.org","https://www.pv-tech.org/","Solar trade publication","United States / national or stated audience","Global solar professionals","Active, editorially credible solar trade publication with audience overlap around homeowner solar decisions.","Data-led editorial pitch or expert-source contribution","future original research","Aggregated homeowner-decision insight, no sales claim","Editorial/newsroom route to verify","Unknown — verify before any approved outreach","Verify current policy before outreach; no account or submission created.","8","7","8","5","7","High","Qualified — research only","Desk-qualified from active public site and topical fit; no outreach, submission, account, or placement request made. Timing: DIGITAL PR ONLY."
"North American Clean Energy","nacleanenergy.com","https://www.nacleanenergy.com/","Clean-energy publication","United States / national or stated audience","North American energy professionals","Active, editorially credible clean-energy publication with audience overlap around homeowner solar decisions.","Data-led editorial pitch or expert-source contribution","future original research","Aggregated homeowner-decision insight, no sales claim","Editorial/newsroom route to verify","Unknown — verify before any approved outreach","Verify current policy before outreach; no account or submission created.","8","7","8","5","7","High","Qualified — research only","Desk-qualified from active public site and topical fit; no outreach, submission, account, or placement request made. Timing: DIGITAL PR ONLY."
"Canary Media","canarymedia.com","https://www.canarymedia.com/","Clean-energy journalism","United States / national or stated audience","Energy-aware consumers","Active, editorially credible clean-energy journalism with audience overlap around homeowner solar decisions.","Data-led editorial pitch or expert-source contribution","future original research","Aggregated homeowner-decision insight, no sales claim","Editorial/newsroom route to verify","Unknown — verify before any approved outreach","Verify current policy before outreach; no account or submission created.","8","7","8","5","7","High","Qualified — research only","Desk-qualified from active public site and topical fit; no outreach, submission, account, or placement request made. Timing: DIGITAL PR ONLY."
"CleanTechnica","cleantechnica.com","https://cleantechnica.com/","Clean-energy publication","United States / national or stated audience","Clean-energy readers","Active, editorially credible clean-energy publication with audience overlap around homeowner solar decisions.","Data-led editorial pitch or expert-source contribution","future original research","Aggregated homeowner-decision insight, no sales claim","Editorial/newsroom route to verify","Unknown — verify before any approved outreach","Verify current policy before outreach; no account or submission created.","8","7","8","5","7","High","Qualified — research only","Desk-qualified from active public site and topical fit; no outreach, submission, account, or placement request made. Timing: DIGITAL PR ONLY."
"Energy News Network","energynews.us","https://energynews.us/","Energy journalism","United States / national or stated audience","US regional energy readers","Active, editorially credible energy journalism with audience overlap around homeowner solar decisions.","Data-led editorial pitch or expert-source contribution","future original research","Aggregated homeowner-decision insight, no sales claim","Editorial/newsroom route to verify","Unknown — verify before any approved outreach","Verify current policy before outreach; no account or submission created.","8","7","8","5","7","High","Qualified — research only","Desk-qualified from active public site and topical fit; no outreach, submission, account, or placement request made. Timing: DIGITAL PR ONLY."
"Grist","grist.org","https://grist.org/","Climate journalism","United States / national or stated audience","Climate-aware consumers","Active, editorially credible climate journalism with audience overlap around homeowner solar decisions.","Data-led editorial pitch or expert-source contribution","future original research","Aggregated homeowner-decision insight, no sales claim","Editorial/newsroom route to verify","Unknown — verify before any approved outreach","Verify current policy before outreach; no account or submission created.","8","7","8","5","7","High","Qualified — research only","Desk-qualified from active public site and topical fit; no outreach, submission, account, or placement request made. Timing: DIGITAL PR ONLY."
"Inside Climate News","insideclimatenews.org","https://insideclimatenews.org/","Climate journalism","United States / national or stated audience","US consumers and policymakers","Active, editorially credible climate journalism with audience overlap around homeowner solar decisions.","Data-led editorial pitch or expert-source contribution","future original research","Aggregated homeowner-decision insight, no sales claim","Editorial/newsroom route to verify","Unknown — verify before any approved outreach","Verify current policy before outreach; no account or submission created.","8","7","8","5","7","High","Qualified — research only","Desk-qualified from active public site and topical fit; no outreach, submission, account, or placement request made. Timing: DIGITAL PR ONLY."
"Heatmap News","heatmap.news","https://heatmap.news/","Climate business journalism","United States / national or stated audience","Climate-aware consumers","Active, editorially credible climate business journalism with audience overlap around homeowner solar decisions.","Data-led editorial pitch or expert-source contribution","future original research","Aggregated homeowner-decision insight, no sales claim","Editorial/newsroom route to verify","Unknown — verify before any approved outreach","Verify current policy before outreach; no account or submission created.","8","7","8","5","7","High","Qualified — research only","Desk-qualified from active public site and topical fit; no outreach, submission, account, or placement request made. Timing: DIGITAL PR ONLY."
"Electrek","electrek.co","https://electrek.co/","Clean-tech publication","United States / national or stated audience","Tech and home-energy readers","Active, editorially credible clean-tech publication with audience overlap around homeowner solar decisions.","Data-led editorial pitch or expert-source contribution","future original research","Aggregated homeowner-decision insight, no sales claim","Editorial/newsroom route to verify","Unknown — verify before any approved outreach","Verify current policy before outreach; no account or submission created.","8","7","8","5","7","High","Qualified — research only","Desk-qualified from active public site and topical fit; no outreach, submission, account, or placement request made. Timing: DIGITAL PR ONLY."
"GreenBiz","greenbiz.com","https://www.greenbiz.com/","Sustainability publication","United States / national or stated audience","Business sustainability readers","Active, editorially credible sustainability publication with audience overlap around homeowner solar decisions.","Data-led editorial pitch or expert-source contribution","future original research","Aggregated homeowner-decision insight, no sales claim","Editorial/newsroom route to verify","Unknown — verify before any approved outreach","Verify current policy before outreach; no account or submission created.","8","7","8","5","7","High","Qualified — research only","Desk-qualified from active public site and topical fit; no outreach, submission, account, or placement request made. Timing: DIGITAL PR ONLY."
"Utility Dive","utilitydive.com","https://www.utilitydive.com/","Energy trade journalism","United States / national or stated audience","Utilities and energy professionals","Active, editorially credible energy trade journalism with audience overlap around homeowner solar decisions.","Data-led editorial pitch or expert-source contribution","future original research","Aggregated homeowner-decision insight, no sales claim","Editorial/newsroom route to verify","Unknown — verify before any approved outreach","Verify current policy before outreach; no account or submission created.","8","7","8","5","7","High","Qualified — research only","Desk-qualified from active public site and topical fit; no outreach, submission, account, or placement request made. Timing: DIGITAL PR ONLY."
"E&E News","eenews.net","https://www.eenews.net/","Energy policy journalism","United States / national or stated audience","Energy policy readers","Active, editorially credible energy policy journalism with audience overlap around homeowner solar decisions.","Data-led editorial pitch or expert-source contribution","future original research","Aggregated homeowner-decision insight, no sales claim","Editorial/newsroom route to verify","Unknown — verify before any approved outreach","Verify current policy before outreach; no account or submission created.","8","7","8","5","7","High","Qualified — research only","Desk-qualified from active public site and topical fit; no outreach, submission, account, or placement request made. Timing: DIGITAL PR ONLY."
"Solar Industry Magazine","solarindustrymag.com","https://solarindustrymag.com/","Solar trade publication","United States / national or stated audience","Solar professionals","Active, editorially credible solar trade publication with audience overlap around homeowner solar decisions.","Data-led editorial pitch or expert-source contribution","future original research","Aggregated homeowner-decision insight, no sales claim","Editorial/newsroom route to verify","Unknown — verify before any approved outreach","Verify current policy before outreach; no account or submission created.","8","7","8","5","7","High","Qualified — research only","Desk-qualified from active public site and topical fit; no outreach, submission, account, or placement request made. Timing: DIGITAL PR ONLY."
"This Old House","thisoldhouse.com","https://www.thisoldhouse.com/solar-alternative-energy","Home-improvement editorial","United States / national or stated audience","US homeowners","Active, editorially credible home-improvement editorial with audience overlap around homeowner solar decisions.","Data-led editorial pitch or expert-source contribution","future original research","Aggregated homeowner-decision insight, no sales claim","Editorial/newsroom route to verify","Unknown — verify before any approved outreach","Verify current policy before outreach; no account or submission created.","8","7","8","5","7","High","Qualified — research only","Desk-qualified from active public site and topical fit; no outreach, submission, account, or placement request made. Timing: DIGITAL PR ONLY."
"Bob Vila","bobvila.com","https://www.bobvila.com/articles/solar-panels/","Home-improvement editorial","United States / national or stated audience","US homeowners","Active, editorially credible home-improvement editorial with audience overlap around homeowner solar decisions.","Data-led editorial pitch or expert-source contribution","future original research","Aggregated homeowner-decision insight, no sales claim","Editorial/newsroom route to verify","Unknown — verify before any approved outreach","Verify current policy before outreach; no account or submission created.","8","7","8","5","7","High","Qualified — research only","Desk-qualified from active public site and topical fit; no outreach, submission, account, or placement request made. Timing: DIGITAL PR ONLY."
"Family Handyman","familyhandyman.com","https://www.familyhandyman.com/","Home-improvement editorial","United States / national or stated audience","DIY homeowners","Active, editorially credible home-improvement editorial with audience overlap around homeowner solar decisions.","Data-led editorial pitch or expert-source contribution","future original research","Aggregated homeowner-decision insight, no sales claim","Editorial/newsroom route to verify","Unknown — verify before any approved outreach","Verify current policy before outreach; no account or submission created.","8","7","8","5","7","High","Qualified — research only","Desk-qualified from active public site and topical fit; no outreach, submission, account, or placement request made. Timing: DIGITAL PR ONLY."
"House Beautiful","housebeautiful.com","https://www.housebeautiful.com/","Home and lifestyle editorial","United States / national or stated audience","Homeowners","Active, editorially credible home and lifestyle editorial with audience overlap around homeowner solar decisions.","Data-led editorial pitch or expert-source contribution","future original research","Aggregated homeowner-decision insight, no sales claim","Editorial/newsroom route to verify","Unknown — verify before any approved outreach","Verify current policy before outreach; no account or submission created.","8","7","8","5","7","High","Qualified — research only","Desk-qualified from active public site and topical fit; no outreach, submission, account, or placement request made. Timing: DIGITAL PR ONLY."
"Architectural Digest","architecturaldigest.com","https://www.architecturaldigest.com/","Home and design editorial","United States / national or stated audience","Affluent homeowners","Active, editorially credible home and design editorial with audience overlap around homeowner solar decisions.","Data-led editorial pitch or expert-source contribution","future original research","Aggregated homeowner-decision insight, no sales claim","Editorial/newsroom route to verify","Unknown — verify before any approved outreach","Verify current policy before outreach; no account or submission created.","8","7","8","5","7","High","Qualified — research only","Desk-qualified from active public site and topical fit; no outreach, submission, account, or placement request made. Timing: DIGITAL PR ONLY."
"Apartment Therapy","apartmenttherapy.com","https://www.apartmenttherapy.com/","Home and lifestyle editorial","United States / national or stated audience","Homeowners","Active, editorially credible home and lifestyle editorial with audience overlap around homeowner solar decisions.","Data-led editorial pitch or expert-source contribution","future original research","Aggregated homeowner-decision insight, no sales claim","Editorial/newsroom route to verify","Unknown — verify before any approved outreach","Verify current policy before outreach; no account or submission created.","8","7","8","5","7","High","Qualified — research only","Desk-qualified from active public site and topical fit; no outreach, submission, account, or placement request made. Timing: DIGITAL PR ONLY."
"The Spruce","thespruce.com","https://www.thespruce.com/","Home-improvement editorial","United States / national or stated audience","Homeowners","Active, editorially credible home-improvement editorial with audience overlap around homeowner solar decisions.","Data-led editorial pitch or expert-source contribution","future original research","Aggregated homeowner-decision insight, no sales claim","Editorial/newsroom route to verify","Unknown — verify before any approved outreach","Verify current policy before outreach; no account or submission created.","8","7","8","5","7","High","Qualified — research only","Desk-qualified from active public site and topical fit; no outreach, submission, account, or placement request made. Timing: DIGITAL PR ONLY."
"Angi","angi.com","https://www.angi.com/articles/solar-panels.htm","Home services platform","United States / national or stated audience","US homeowners","Active, editorially credible home services platform with audience overlap around homeowner solar decisions.","Evidence-led resource inclusion or expert contribution","future solar system-size estimator","Independent sizing/checklist resource for homeowners","Editorial/contact route to verify","Unknown — verify before any approved outreach","Verify current policy before outreach; no account or submission created.","7","8","7","7","7","High","Qualified — research only","Desk-qualified from active public site and topical fit; no outreach, submission, account, or placement request made. Timing: AFTER ESTIMATOR."
"Fixr","fixr.com","https://www.fixr.com/costs/solar-panel-installation","Home-improvement cost guide","United States / national or stated audience","US homeowners","Active, editorially credible home-improvement cost guide with audience overlap around homeowner solar decisions.","Evidence-led resource inclusion or expert contribution","future solar system-size estimator","Independent sizing/checklist resource for homeowners","Editorial/contact route to verify","Unknown — verify before any approved outreach","Verify current policy before outreach; no account or submission created.","7","8","7","7","7","High","Qualified — research only","Desk-qualified from active public site and topical fit; no outreach, submission, account, or placement request made. Timing: AFTER ESTIMATOR."
"Houzz","houzz.com","https://www.houzz.com/","Home design platform","United States / national or stated audience","Homeowners and renovators","Active, editorially credible home design platform with audience overlap around homeowner solar decisions.","Evidence-led resource inclusion or expert contribution","future solar system-size estimator","Independent sizing/checklist resource for homeowners","Editorial/contact route to verify","Unknown — verify before any approved outreach","Verify current policy before outreach; no account or submission created.","7","8","7","7","7","High","Qualified — research only","Desk-qualified from active public site and topical fit; no outreach, submission, account, or placement request made. Timing: AFTER ESTIMATOR."
"Green Building Advisor","greenbuildingadvisor.com","https://www.greenbuildingadvisor.com/","High-performance home editorial","United States / national or stated audience","Building-aware homeowners","Active, editorially credible high-performance home editorial with audience overlap around homeowner solar decisions.","Data-led editorial pitch or expert-source contribution","future original research","Aggregated homeowner-decision insight, no sales claim","Editorial/newsroom route to verify","Unknown — verify before any approved outreach","Verify current policy before outreach; no account or submission created.","8","7","8","5","7","High","Qualified — research only","Desk-qualified from active public site and topical fit; no outreach, submission, account, or placement request made. Timing: DIGITAL PR ONLY."
"Fine Homebuilding","finehomebuilding.com","https://www.finehomebuilding.com/","Home-building editorial","United States / national or stated audience","Homeowners and builders","Active, editorially credible home-building editorial with audience overlap around homeowner solar decisions.","Data-led editorial pitch or expert-source contribution","future original research","Aggregated homeowner-decision insight, no sales claim","Editorial/newsroom route to verify","Unknown — verify before any approved outreach","Verify current policy before outreach; no account or submission created.","8","7","8","5","7","High","Qualified — research only","Desk-qualified from active public site and topical fit; no outreach, submission, account, or placement request made. Timing: DIGITAL PR ONLY."
"Pro Builder","probuilder.com","https://www.probuilder.com/","Home-building publication","United States / national or stated audience","Home builders","Active, editorially credible home-building publication with audience overlap around homeowner solar decisions.","Data-led editorial pitch or expert-source contribution","future original research","Aggregated homeowner-decision insight, no sales claim","Editorial/newsroom route to verify","Unknown — verify before any approved outreach","Verify current policy before outreach; no account or submission created.","8","7","8","5","7","High","Qualified — research only","Desk-qualified from active public site and topical fit; no outreach, submission, account, or placement request made. Timing: DIGITAL PR ONLY."
"Builder Magazine","builderonline.com","https://www.builderonline.com/","Home-building publication","United States / national or stated audience","Home builders","Active, editorially credible home-building publication with audience overlap around homeowner solar decisions.","Data-led editorial pitch or expert-source contribution","future original research","Aggregated homeowner-decision insight, no sales claim","Editorial/newsroom route to verify","Unknown — verify before any approved outreach","Verify current policy before outreach; no account or submission created.","8","7","8","5","7","High","Qualified — research only","Desk-qualified from active public site and topical fit; no outreach, submission, account, or placement request made. Timing: DIGITAL PR ONLY."
"Qualified Remodeler","qualifiedremodeler.com","https://www.qualifiedremodeler.com/","Remodeling publication","United States / national or stated audience","Remodelers and homeowners","Active, editorially credible remodeling publication with audience overlap around homeowner solar decisions.","Data-led editorial pitch or expert-source contribution","future original research","Aggregated homeowner-decision insight, no sales claim","Editorial/newsroom route to verify","Unknown — verify before any approved outreach","Verify current policy before outreach; no account or submission created.","8","7","8","5","7","High","Qualified — research only","Desk-qualified from active public site and topical fit; no outreach, submission, account, or placement request made. Timing: DIGITAL PR ONLY."
"Remodelista","remodelista.com","https://www.remodelista.com/","Home renovation editorial","United States / national or stated audience","Homeowners","Active, editorially credible home renovation editorial with audience overlap around homeowner solar decisions.","Data-led editorial pitch or expert-source contribution","future original research","Aggregated homeowner-decision insight, no sales claim","Editorial/newsroom route to verify","Unknown — verify before any approved outreach","Verify current policy before outreach; no account or submission created.","8","7","8","5","7","High","Qualified — research only","Desk-qualified from active public site and topical fit; no outreach, submission, account, or placement request made. Timing: DIGITAL PR ONLY."
"Realtor.com","realtor.com","https://www.realtor.com/advice/home-improvement/","Real-estate editorial","United States / national or stated audience","US homeowners","Active, editorially credible real-estate editorial with audience overlap around homeowner solar decisions.","Reference-only research or tool citation; commercial links unlikely","/how-many-solar-panels-do-i-need","Methodology and consumer-education data","Unknown","Unknown — verify before any approved outreach","Verify current policy before outreach; no account or submission created.","9","7","10","2","2","Low","Qualified — research only","Desk-qualified from active public site and topical fit; no outreach, submission, account, or placement request made. Timing: AFTER ESTIMATOR."
"Redfin","redfin.com","https://www.redfin.com/blog/","Real-estate editorial","United States / national or stated audience","Home buyers and sellers","Active, editorially credible real-estate editorial with audience overlap around homeowner solar decisions.","Reference-only research or tool citation; commercial links unlikely","/how-many-solar-panels-do-i-need","Methodology and consumer-education data","Unknown","Unknown — verify before any approved outreach","Verify current policy before outreach; no account or submission created.","9","7","10","2","2","Low","Qualified — research only","Desk-qualified from active public site and topical fit; no outreach, submission, account, or placement request made. Timing: AFTER ESTIMATOR."
"Zillow","zillow.com","https://www.zillow.com/learn/","Real-estate editorial","United States / national or stated audience","Home buyers and sellers","Active, editorially credible real-estate editorial with audience overlap around homeowner solar decisions.","Reference-only research or tool citation; commercial links unlikely","/how-many-solar-panels-do-i-need","Methodology and consumer-education data","Unknown","Unknown — verify before any approved outreach","Verify current policy before outreach; no account or submission created.","9","7","10","2","2","Low","Qualified — research only","Desk-qualified from active public site and topical fit; no outreach, submission, account, or placement request made. Timing: AFTER ESTIMATOR."
"The Mortgage Reports","themortgagereports.com","https://themortgagereports.com/","Home-finance editorial","United States / national or stated audience","Home buyers","Active, editorially credible home-finance editorial with audience overlap around homeowner solar decisions.","Data-led editorial pitch or expert-source contribution","future original research","Aggregated homeowner-decision insight, no sales claim","Editorial/newsroom route to verify","Unknown — verify before any approved outreach","Verify current policy before outreach; no account or submission created.","8","7","8","5","7","High","Qualified — research only","Desk-qualified from active public site and topical fit; no outreach, submission, account, or placement request made. Timing: DIGITAL PR ONLY."
"NerdWallet","nerdwallet.com","https://www.nerdwallet.com/article/mortgages/solar-panels","Personal-finance editorial","United States / national or stated audience","US consumers","Active, editorially credible personal-finance editorial with audience overlap around homeowner solar decisions.","Data-led editorial pitch or expert-source contribution","future original research","Aggregated homeowner-decision insight, no sales claim","Editorial/newsroom route to verify","Unknown — verify before any approved outreach","Verify current policy before outreach; no account or submission created.","8","7","8","5","7","High","Qualified — research only","Desk-qualified from active public site and topical fit; no outreach, submission, account, or placement request made. Timing: DIGITAL PR ONLY."
"Bankrate","bankrate.com","https://www.bankrate.com/homeownership/solar-panel-cost/","Personal-finance editorial","United States / national or stated audience","US homeowners","Active, editorially credible personal-finance editorial with audience overlap around homeowner solar decisions.","Data-led editorial pitch or expert-source contribution","future original research","Aggregated homeowner-decision insight, no sales claim","Editorial/newsroom route to verify","Unknown — verify before any approved outreach","Verify current policy before outreach; no account or submission created.","8","7","8","5","7","High","Qualified — research only","Desk-qualified from active public site and topical fit; no outreach, submission, account, or placement request made. Timing: DIGITAL PR ONLY."
"Kiplinger","kiplinger.com","https://www.kiplinger.com/","Personal-finance editorial","United States / national or stated audience","US consumers","Active, editorially credible personal-finance editorial with audience overlap around homeowner solar decisions.","Data-led editorial pitch or expert-source contribution","future original research","Aggregated homeowner-decision insight, no sales claim","Editorial/newsroom route to verify","Unknown — verify before any approved outreach","Verify current policy before outreach; no account or submission created.","8","7","8","5","7","High","Qualified — research only","Desk-qualified from active public site and topical fit; no outreach, submission, account, or placement request made. Timing: DIGITAL PR ONLY."
"Money","money.com","https://money.com/","Personal-finance editorial","United States / national or stated audience","US consumers","Active, editorially credible personal-finance editorial with audience overlap around homeowner solar decisions.","Data-led editorial pitch or expert-source contribution","future original research","Aggregated homeowner-decision insight, no sales claim","Editorial/newsroom route to verify","Unknown — verify before any approved outreach","Verify current policy before outreach; no account or submission created.","8","7","8","5","7","High","Qualified — research only","Desk-qualified from active public site and topical fit; no outreach, submission, account, or placement request made. Timing: DIGITAL PR ONLY."
"Consumer Reports","consumerreports.org","https://www.consumerreports.org/home-garden/solar-panels/","Consumer advocacy editorial","United States / national or stated audience","US consumers","Active, editorially credible consumer advocacy editorial with audience overlap around homeowner solar decisions.","Resource review or educational collaboration","future solar system-size estimator","Independent, cited homeowner tool","Contact/editorial route to verify","Unknown — verify before any approved outreach","Verify current policy before outreach; no account or submission created.","8","8","8","5","6","Medium","Qualified — research only","Desk-qualified from active public site and topical fit; no outreach, submission, account, or placement request made. Timing: AFTER ESTIMATOR."
"U.S. News Real Estate","usnews.com","https://www.usnews.com/360-reviews/services/solar","Consumer and real-estate editorial","United States / national or stated audience","US homeowners","Active, editorially credible consumer and real-estate editorial with audience overlap around homeowner solar decisions.","Reference-only research or tool citation; commercial links unlikely","/how-many-solar-panels-do-i-need","Methodology and consumer-education data","Unknown","Unknown — verify before any approved outreach","Verify current policy before outreach; no account or submission created.","9","7","10","2","2","Low","Qualified — research only","Desk-qualified from active public site and topical fit; no outreach, submission, account, or placement request made. Timing: AFTER ESTIMATOR."
"Forbes Home","forbes.com","https://www.forbes.com/home-improvement/solar/","Home-improvement editorial","United States / national or stated audience","US homeowners","Active, editorially credible home-improvement editorial with audience overlap around homeowner solar decisions.","Data-led editorial pitch or expert-source contribution","future original research","Aggregated homeowner-decision insight, no sales claim","Editorial/newsroom route to verify","Unknown — verify before any approved outreach","Verify current policy before outreach; no account or submission created.","8","7","8","5","7","High","Qualified — research only","Desk-qualified from active public site and topical fit; no outreach, submission, account, or placement request made. Timing: DIGITAL PR ONLY."
"ConsumerAffairs","consumeraffairs.com","https://www.consumeraffairs.com/solar-energy/","Consumer-review editorial","United States / national or stated audience","US consumers","Active, editorially credible consumer-review editorial with audience overlap around homeowner solar decisions.","Data-led editorial pitch or expert-source contribution","future original research","Aggregated homeowner-decision insight, no sales claim","Editorial/newsroom route to verify","Unknown — verify before any approved outreach","Verify current policy before outreach; no account or submission created.","8","7","8","5","7","High","Qualified — research only","Desk-qualified from active public site and topical fit; no outreach, submission, account, or placement request made. Timing: DIGITAL PR ONLY."
"SmartAsset","smartasset.com","https://smartasset.com/","Personal-finance editorial","United States / national or stated audience","US consumers","Active, editorially credible personal-finance editorial with audience overlap around homeowner solar decisions.","Data-led editorial pitch or expert-source contribution","future original research","Aggregated homeowner-decision insight, no sales claim","Editorial/newsroom route to verify","Unknown — verify before any approved outreach","Verify current policy before outreach; no account or submission created.","8","7","8","5","7","High","Qualified — research only","Desk-qualified from active public site and topical fit; no outreach, submission, account, or placement request made. Timing: DIGITAL PR ONLY."
"Investopedia","investopedia.com","https://www.investopedia.com/","Personal-finance editorial","United States / national or stated audience","US consumers","Active, editorially credible personal-finance editorial with audience overlap around homeowner solar decisions.","Data-led editorial pitch or expert-source contribution","future original research","Aggregated homeowner-decision insight, no sales claim","Editorial/newsroom route to verify","Unknown — verify before any approved outreach","Verify current policy before outreach; no account or submission created.","8","7","8","5","7","High","Qualified — research only","Desk-qualified from active public site and topical fit; no outreach, submission, account, or placement request made. Timing: DIGITAL PR ONLY."
"US Department of Energy","energy.gov","https://www.energy.gov/cmei/systems/homeowners-guide-solar","Government consumer resource","United States / national or stated audience","US homeowners","Active, editorially credible government consumer resource with audience overlap around homeowner solar decisions.","Reference-only research or tool citation; commercial links unlikely","/how-many-solar-panels-do-i-need","Methodology and consumer-education data","Unknown","Unknown — verify before any approved outreach","Verify current policy before outreach; no account or submission created.","9","7","10","2","2","Low","Qualified — research only","Desk-qualified from active public site and topical fit; no outreach, submission, account, or placement request made. Timing: AFTER ESTIMATOR."
"NREL PVWatts","nrel.gov","https://pvwatts.nrel.gov/","Research calculator","United States / national or stated audience","US property owners","Active, editorially credible research calculator with audience overlap around homeowner solar decisions.","Reference-only research or tool citation; commercial links unlikely","/how-many-solar-panels-do-i-need","Methodology and consumer-education data","Unknown","Unknown — verify before any approved outreach","Verify current policy before outreach; no account or submission created.","9","7","10","2","2","Low","Qualified — research only","Desk-qualified from active public site and topical fit; no outreach, submission, account, or placement request made. Timing: AFTER ESTIMATOR."
"DSIRE","dsireusa.org","https://www.dsireusa.org/","Incentives resource","United States / national or stated audience","US property owners","Active, editorially credible incentives resource with audience overlap around homeowner solar decisions.","Evidence-led resource inclusion or expert contribution","future solar system-size estimator","Independent sizing/checklist resource for homeowners","Editorial/contact route to verify","Unknown — verify before any approved outreach","Verify current policy before outreach; no account or submission created.","7","8","7","7","7","High","Qualified — research only","Desk-qualified from active public site and topical fit; no outreach, submission, account, or placement request made. Timing: AFTER ESTIMATOR."
"Solar Energy Industries Association","seia.org","https://seia.org/solar101/","Industry association","United States / national or stated audience","US solar consumers and industry","Active, editorially credible industry association with audience overlap around homeowner solar decisions.","Resource review or educational collaboration","future solar system-size estimator","Independent, cited homeowner tool","Contact/editorial route to verify","Unknown — verify before any approved outreach","Verify current policy before outreach; no account or submission created.","8","8","8","5","6","Medium","Qualified — research only","Desk-qualified from active public site and topical fit; no outreach, submission, account, or placement request made. Timing: AFTER ESTIMATOR."
"Solar United Neighbors","solarunitedneighbors.org","https://solarunitedneighbors.org/","Solar nonprofit","United States / national or stated audience","US homeowners","Active, editorially credible solar nonprofit with audience overlap around homeowner solar decisions.","Resource review or educational collaboration","future solar system-size estimator","Independent, cited homeowner tool","Contact/editorial route to verify","Unknown — verify before any approved outreach","Verify current policy before outreach; no account or submission created.","8","8","8","5","6","Medium","Qualified — research only","Desk-qualified from active public site and topical fit; no outreach, submission, account, or placement request made. Timing: AFTER ESTIMATOR."
"Clean Energy States Alliance","cleanegroup.org","https://www.cesa.org/","Clean-energy nonprofit","United States / national or stated audience","State energy stakeholders","Active, editorially credible clean-energy nonprofit with audience overlap around homeowner solar decisions.","Resource review or educational collaboration","future solar system-size estimator","Independent, cited homeowner tool","Contact/editorial route to verify","Unknown — verify before any approved outreach","Verify current policy before outreach; no account or submission created.","8","8","8","5","6","Medium","Qualified — research only","Desk-qualified from active public site and topical fit; no outreach, submission, account, or placement request made. Timing: AFTER ESTIMATOR."
"Interstate Renewable Energy Council","irecusa.org","https://irecusa.org/","Clean-energy nonprofit","United States / national or stated audience","Energy educators and professionals","Active, editorially credible clean-energy nonprofit with audience overlap around homeowner solar decisions.","Resource review or educational collaboration","future solar system-size estimator","Independent, cited homeowner tool","Contact/editorial route to verify","Unknown — verify before any approved outreach","Verify current policy before outreach; no account or submission created.","8","8","8","5","6","Medium","Qualified — research only","Desk-qualified from active public site and topical fit; no outreach, submission, account, or placement request made. Timing: AFTER ESTIMATOR."
"American Solar Energy Society","ases.org","https://ases.org/","Solar association","United States / national or stated audience","Solar community","Active, editorially credible solar association with audience overlap around homeowner solar decisions.","Resource review or educational collaboration","future solar system-size estimator","Independent, cited homeowner tool","Contact/editorial route to verify","Unknown — verify before any approved outreach","Verify current policy before outreach; no account or submission created.","8","8","8","5","6","Medium","Qualified — research only","Desk-qualified from active public site and topical fit; no outreach, submission, account, or placement request made. Timing: AFTER ESTIMATOR."
"Midwest Renewable Energy Association","the-mrea.org","https://www.the-mrea.org/","Renewable-energy nonprofit","United States / national or stated audience","Midwest homeowners","Active, editorially credible renewable-energy nonprofit with audience overlap around homeowner solar decisions.","Resource review or educational collaboration","future solar system-size estimator","Independent, cited homeowner tool","Contact/editorial route to verify","Unknown — verify before any approved outreach","Verify current policy before outreach; no account or submission created.","8","8","8","5","6","Medium","Qualified — research only","Desk-qualified from active public site and topical fit; no outreach, submission, account, or placement request made. Timing: AFTER ESTIMATOR."
"Rocky Mountain Institute","rmi.org","https://rmi.org/","Energy research nonprofit","United States / national or stated audience","Energy decision makers","Active, editorially credible energy research nonprofit with audience overlap around homeowner solar decisions.","Reference-only research or tool citation; commercial links unlikely","/how-many-solar-panels-do-i-need","Methodology and consumer-education data","Unknown","Unknown — verify before any approved outreach","Verify current policy before outreach; no account or submission created.","9","7","10","2","2","Low","Qualified — research only","Desk-qualified from active public site and topical fit; no outreach, submission, account, or placement request made. Timing: AFTER ESTIMATOR."
"ACEEE","aceee.org","https://www.aceee.org/","Energy-efficiency nonprofit","United States / national or stated audience","Efficiency advocates","Active, editorially credible energy-efficiency nonprofit with audience overlap around homeowner solar decisions.","Resource review or educational collaboration","future solar system-size estimator","Independent, cited homeowner tool","Contact/editorial route to verify","Unknown — verify before any approved outreach","Verify current policy before outreach; no account or submission created.","8","8","8","5","6","Medium","Qualified — research only","Desk-qualified from active public site and topical fit; no outreach, submission, account, or placement request made. Timing: AFTER ESTIMATOR."
"Environment America","environmentamerica.org","https://environmentamerica.org/","Environmental nonprofit","United States / national or stated audience","US consumers","Active, editorially credible environmental nonprofit with audience overlap around homeowner solar decisions.","Resource review or educational collaboration","future solar system-size estimator","Independent, cited homeowner tool","Contact/editorial route to verify","Unknown — verify before any approved outreach","Verify current policy before outreach; no account or submission created.","8","8","8","5","6","Medium","Qualified — research only","Desk-qualified from active public site and topical fit; no outreach, submission, account, or placement request made. Timing: AFTER ESTIMATOR."
"NRDC","nrdc.org","https://www.nrdc.org/","Environmental nonprofit","United States / national or stated audience","US consumers","Active, editorially credible environmental nonprofit with audience overlap around homeowner solar decisions.","Resource review or educational collaboration","future solar system-size estimator","Independent, cited homeowner tool","Contact/editorial route to verify","Unknown — verify before any approved outreach","Verify current policy before outreach; no account or submission created.","8","8","8","5","6","Medium","Qualified — research only","Desk-qualified from active public site and topical fit; no outreach, submission, account, or placement request made. Timing: AFTER ESTIMATOR."
"Sierra Club","sierraclub.org","https://www.sierraclub.org/","Environmental nonprofit","United States / national or stated audience","US consumers","Active, editorially credible environmental nonprofit with audience overlap around homeowner solar decisions.","Resource review or educational collaboration","future solar system-size estimator","Independent, cited homeowner tool","Contact/editorial route to verify","Unknown — verify before any approved outreach","Verify current policy before outreach; no account or submission created.","8","8","8","5","6","Medium","Qualified — research only","Desk-qualified from active public site and topical fit; no outreach, submission, account, or placement request made. Timing: AFTER ESTIMATOR."
"The Climate Reality Project","climaterealityproject.org","https://www.climaterealityproject.org/","Climate nonprofit","United States / national or stated audience","Climate advocates","Active, editorially credible climate nonprofit with audience overlap around homeowner solar decisions.","Resource review or educational collaboration","future solar system-size estimator","Independent, cited homeowner tool","Contact/editorial route to verify","Unknown — verify before any approved outreach","Verify current policy before outreach; no account or submission created.","8","8","8","5","6","Medium","Qualified — research only","Desk-qualified from active public site and topical fit; no outreach, submission, account, or placement request made. Timing: AFTER ESTIMATOR."
"Vote Solar","votesolar.org","https://votesolar.org/","Solar advocacy nonprofit","United States / national or stated audience","Solar advocates","Active, editorially credible solar advocacy nonprofit with audience overlap around homeowner solar decisions.","Resource review or educational collaboration","future solar system-size estimator","Independent, cited homeowner tool","Contact/editorial route to verify","Unknown — verify before any approved outreach","Verify current policy before outreach; no account or submission created.","8","8","8","5","6","Medium","Qualified — research only","Desk-qualified from active public site and topical fit; no outreach, submission, account, or placement request made. Timing: AFTER ESTIMATOR."
"American Clean Power","cleanpower.org","https://cleanpower.org/","Clean-power association","United States / national or stated audience","Energy professionals","Active, editorially credible clean-power association with audience overlap around homeowner solar decisions.","Resource review or educational collaboration","future solar system-size estimator","Independent, cited homeowner tool","Contact/editorial route to verify","Unknown — verify before any approved outreach","Verify current policy before outreach; no account or submission created.","8","8","8","5","6","Medium","Qualified — research only","Desk-qualified from active public site and topical fit; no outreach, submission, account, or placement request made. Timing: AFTER ESTIMATOR."
"Smart Electric Power Alliance","sepapower.org","https://sepapower.org/","Utility/energy association","United States / national or stated audience","Utilities and energy professionals","Active, editorially credible utility/energy association with audience overlap around homeowner solar decisions.","Resource review or educational collaboration","future solar system-size estimator","Independent, cited homeowner tool","Contact/editorial route to verify","Unknown — verify before any approved outreach","Verify current policy before outreach; no account or submission created.","8","8","8","5","6","Medium","Qualified — research only","Desk-qualified from active public site and topical fit; no outreach, submission, account, or placement request made. Timing: AFTER ESTIMATOR."
"GRID Alternatives","gridalternatives.org","https://gridalternatives.org/","Solar access nonprofit","United States / national or stated audience","Community solar supporters","Active, editorially credible solar access nonprofit with audience overlap around homeowner solar decisions.","Resource review or educational collaboration","future solar system-size estimator","Independent, cited homeowner tool","Contact/editorial route to verify","Unknown — verify before any approved outreach","Verify current policy before outreach; no account or submission created.","8","8","8","5","6","Medium","Qualified — research only","Desk-qualified from active public site and topical fit; no outreach, submission, account, or placement request made. Timing: AFTER ESTIMATOR."
"Rewiring America","rewiringamerica.org","https://www.rewiringamerica.org/","Home electrification nonprofit","United States / national or stated audience","US homeowners","Active, editorially credible home electrification nonprofit with audience overlap around homeowner solar decisions.","Resource review or educational collaboration","future solar system-size estimator","Independent, cited homeowner tool","Contact/editorial route to verify","Unknown — verify before any approved outreach","Verify current policy before outreach; no account or submission created.","8","8","8","5","6","Medium","Qualified — research only","Desk-qualified from active public site and topical fit; no outreach, submission, account, or placement request made. Timing: AFTER ESTIMATOR."
"Energy Trust of Oregon","energytrust.org","https://www.energytrust.org/","Energy-efficiency program","United States / national or stated audience","Oregon homeowners","Active, editorially credible energy-efficiency program with audience overlap around homeowner solar decisions.","Reference-only research or tool citation; commercial links unlikely","/how-many-solar-panels-do-i-need","Methodology and consumer-education data","Unknown","Unknown — verify before any approved outreach","Verify current policy before outreach; no account or submission created.","9","7","10","2","2","Low","Qualified — research only","Desk-qualified from active public site and topical fit; no outreach, submission, account, or placement request made. Timing: AFTER ESTIMATOR."
"NYSERDA","nyserda.ny.gov","https://www.nyserda.ny.gov/","State energy resource","United States / national or stated audience","New York homeowners","Active, editorially credible state energy resource with audience overlap around homeowner solar decisions.","Reference-only research or tool citation; commercial links unlikely","/how-many-solar-panels-do-i-need","Methodology and consumer-education data","Unknown","Unknown — verify before any approved outreach","Verify current policy before outreach; no account or submission created.","9","7","10","2","2","Low","Qualified — research only","Desk-qualified from active public site and topical fit; no outreach, submission, account, or placement request made. Timing: AFTER ESTIMATOR."
"California Energy Commission","energy.ca.gov","https://www.energy.ca.gov/","State energy resource","United States / national or stated audience","California homeowners","Active, editorially credible state energy resource with audience overlap around homeowner solar decisions.","Reference-only research or tool citation; commercial links unlikely","/how-many-solar-panels-do-i-need","Methodology and consumer-education data","Unknown","Unknown — verify before any approved outreach","Verify current policy before outreach; no account or submission created.","9","7","10","2","2","Low","Qualified — research only","Desk-qualified from active public site and topical fit; no outreach, submission, account, or placement request made. Timing: AFTER ESTIMATOR."
"Mass Save","masssave.com","https://www.masssave.com/","Efficiency program","United States / national or stated audience","Massachusetts homeowners","Active, editorially credible efficiency program with audience overlap around homeowner solar decisions.","Reference-only research or tool citation; commercial links unlikely","/how-many-solar-panels-do-i-need","Methodology and consumer-education data","Unknown","Unknown — verify before any approved outreach","Verify current policy before outreach; no account or submission created.","9","7","10","2","2","Low","Qualified — research only","Desk-qualified from active public site and topical fit; no outreach, submission, account, or placement request made. Timing: AFTER ESTIMATOR."
"PACENation","pacenation.org","https://pacenation.org/","PACE finance association","United States / national or stated audience","Property owners","Active, editorially credible pace finance association with audience overlap around homeowner solar decisions.","Resource review or educational collaboration","future solar system-size estimator","Independent, cited homeowner tool","Contact/editorial route to verify","Unknown — verify before any approved outreach","Verify current policy before outreach; no account or submission created.","8","8","8","5","6","Medium","Qualified — research only","Desk-qualified from active public site and topical fit; no outreach, submission, account, or placement request made. Timing: AFTER ESTIMATOR."
"SolSmart","solsmart.org","https://solsmart.org/","Solar readiness program","United States / national or stated audience","Local governments","Active, editorially credible solar readiness program with audience overlap around homeowner solar decisions.","Reference-only research or tool citation; commercial links unlikely","/how-many-solar-panels-do-i-need","Methodology and consumer-education data","Unknown","Unknown — verify before any approved outreach","Verify current policy before outreach; no account or submission created.","9","7","10","2","2","Low","Qualified — research only","Desk-qualified from active public site and topical fit; no outreach, submission, account, or placement request made. Timing: AFTER ESTIMATOR."
"ENERGY STAR","energystar.gov","https://www.energystar.gov/","Government efficiency resource","United States / national or stated audience","US homeowners","Active, editorially credible government efficiency resource with audience overlap around homeowner solar decisions.","Reference-only research or tool citation; commercial links unlikely","/how-many-solar-panels-do-i-need","Methodology and consumer-education data","Unknown","Unknown — verify before any approved outreach","Verify current policy before outreach; no account or submission created.","9","7","10","2","2","Low","Qualified — research only","Desk-qualified from active public site and topical fit; no outreach, submission, account, or placement request made. Timing: AFTER ESTIMATOR."
"Better Buildings","betterbuildingssolutioncenter.energy.gov","https://betterbuildingssolutioncenter.energy.gov/","Government efficiency resource","United States / national or stated audience","Building owners","Active, editorially credible government efficiency resource with audience overlap around homeowner solar decisions.","Reference-only research or tool citation; commercial links unlikely","/how-many-solar-panels-do-i-need","Methodology and consumer-education data","Unknown","Unknown — verify before any approved outreach","Verify current policy before outreach; no account or submission created.","9","7","10","2","2","Low","Qualified — research only","Desk-qualified from active public site and topical fit; no outreach, submission, account, or placement request made. Timing: AFTER ESTIMATOR."
"National Association of Realtors","nar.realtor","https://www.nar.realtor/","Real-estate association","United States / national or stated audience","Real-estate professionals","Active, editorially credible real-estate association with audience overlap around homeowner solar decisions.","Reference-only research or tool citation; commercial links unlikely","/how-many-solar-panels-do-i-need","Methodology and consumer-education data","Unknown","Unknown — verify before any approved outreach","Verify current policy before outreach; no account or submission created.","9","7","10","2","2","Low","Qualified — research only","Desk-qualified from active public site and topical fit; no outreach, submission, account, or placement request made. Timing: AFTER ESTIMATOR."
"US Green Building Council","usgbc.org","https://www.usgbc.org/","Green-building association","United States / national or stated audience","Building professionals","Active, editorially credible green-building association with audience overlap around homeowner solar decisions.","Resource review or educational collaboration","future solar system-size estimator","Independent, cited homeowner tool","Contact/editorial route to verify","Unknown — verify before any approved outreach","Verify current policy before outreach; no account or submission created.","8","8","8","5","6","Medium","Qualified — research only","Desk-qualified from active public site and topical fit; no outreach, submission, account, or placement request made. Timing: AFTER ESTIMATOR."
"National Association of Home Builders","nahb.org","https://www.nahb.org/","Home-building association","United States / national or stated audience","Home builders","Active, editorially credible home-building association with audience overlap around homeowner solar decisions.","Resource review or educational collaboration","future solar system-size estimator","Independent, cited homeowner tool","Contact/editorial route to verify","Unknown — verify before any approved outreach","Verify current policy before outreach; no account or submission created.","8","8","8","5","6","Medium","Qualified — research only","Desk-qualified from active public site and topical fit; no outreach, submission, account, or placement request made. Timing: AFTER ESTIMATOR."
"Home Energy Magazine","homeenergy.org","https://homeenergy.org/","Home-performance publication","United States / national or stated audience","Home energy professionals","Active, editorially credible home-performance publication with audience overlap around homeowner solar decisions.","Data-led editorial pitch or expert-source contribution","future original research","Aggregated homeowner-decision insight, no sales claim","Editorial/newsroom route to verify","Unknown — verify before any approved outreach","Verify current policy before outreach; no account or submission created.","8","7","8","5","7","High","Qualified — research only","Desk-qualified from active public site and topical fit; no outreach, submission, account, or placement request made. Timing: DIGITAL PR ONLY."
"Green Builder Media","greenbuildermedia.com","https://www.greenbuildermedia.com/","Green-building publication","United States / national or stated audience","Home builders and homeowners","Active, editorially credible green-building publication with audience overlap around homeowner solar decisions.","Data-led editorial pitch or expert-source contribution","future original research","Aggregated homeowner-decision insight, no sales claim","Editorial/newsroom route to verify","Unknown — verify before any approved outreach","Verify current policy before outreach; no account or submission created.","8","7","8","5","7","High","Qualified — research only","Desk-qualified from active public site and topical fit; no outreach, submission, account, or placement request made. Timing: DIGITAL PR ONLY."
"Build with Rise","buildwithrise.com","https://www.buildwithrise.com/","Sustainable-home editorial","United States / national or stated audience","Homeowners","Active, editorially credible sustainable-home editorial with audience overlap around homeowner solar decisions.","Data-led editorial pitch or expert-source contribution","future original research","Aggregated homeowner-decision insight, no sales claim","Editorial/newsroom route to verify","Unknown — verify before any approved outreach","Verify current policy before outreach; no account or submission created.","8","7","8","5","7","High","Qualified — research only","Desk-qualified from active public site and topical fit; no outreach, submission, account, or placement request made. Timing: DIGITAL PR ONLY."
"Treehugger","treehugger.com","https://www.treehugger.com/","Sustainability editorial","United States / national or stated audience","Sustainability-minded consumers","Active, editorially credible sustainability editorial with audience overlap around homeowner solar decisions.","Data-led editorial pitch or expert-source contribution","future original research","Aggregated homeowner-decision insight, no sales claim","Editorial/newsroom route to verify","Unknown — verify before any approved outreach","Verify current policy before outreach; no account or submission created.","8","7","8","5","7","High","Qualified — research only","Desk-qualified from active public site and topical fit; no outreach, submission, account, or placement request made. Timing: DIGITAL PR ONLY."
"Earth911","earth911.com","https://earth911.com/","Sustainability resource","United States / national or stated audience","US consumers","Active, editorially credible sustainability resource with audience overlap around homeowner solar decisions.","Evidence-led resource inclusion or expert contribution","future solar system-size estimator","Independent sizing/checklist resource for homeowners","Editorial/contact route to verify","Unknown — verify before any approved outreach","Verify current policy before outreach; no account or submission created.","7","8","7","7","7","High","Qualified — research only","Desk-qualified from active public site and topical fit; no outreach, submission, account, or placement request made. Timing: AFTER ESTIMATOR."
"EcoWatch","ecowatch.com","https://www.ecowatch.com/","Environmental editorial","United States / national or stated audience","US consumers","Active, editorially credible environmental editorial with audience overlap around homeowner solar decisions.","Data-led editorial pitch or expert-source contribution","future original research","Aggregated homeowner-decision insight, no sales claim","Editorial/newsroom route to verify","Unknown — verify before any approved outreach","Verify current policy before outreach; no account or submission created.","8","7","8","5","7","High","Qualified — research only","Desk-qualified from active public site and topical fit; no outreach, submission, account, or placement request made. Timing: DIGITAL PR ONLY."
"Carbon Brief","carbonbrief.org","https://www.carbonbrief.org/","Climate journalism","United States / national or stated audience","Climate and policy readers","Active, editorially credible climate journalism with audience overlap around homeowner solar decisions.","Data-led editorial pitch or expert-source contribution","future original research","Aggregated homeowner-decision insight, no sales claim","Editorial/newsroom route to verify","Unknown — verify before any approved outreach","Verify current policy before outreach; no account or submission created.","8","7","8","5","7","High","Qualified — research only","Desk-qualified from active public site and topical fit; no outreach, submission, account, or placement request made. Timing: DIGITAL PR ONLY."
"Yale Climate Connections","yaleclimateconnections.org","https://yaleclimateconnections.org/","Climate journalism","United States / national or stated audience","Climate-aware consumers","Active, editorially credible climate journalism with audience overlap around homeowner solar decisions.","Data-led editorial pitch or expert-source contribution","future original research","Aggregated homeowner-decision insight, no sales claim","Editorial/newsroom route to verify","Unknown — verify before any approved outreach","Verify current policy before outreach; no account or submission created.","8","7","8","5","7","High","Qualified — research only","Desk-qualified from active public site and topical fit; no outreach, submission, account, or placement request made. Timing: DIGITAL PR ONLY."
"Climate One","climateone.org","https://www.climateone.org/","Climate media","United States / national or stated audience","Climate-aware consumers","Active, editorially credible climate media with audience overlap around homeowner solar decisions.","Data-led editorial pitch or expert-source contribution","future original research","Aggregated homeowner-decision insight, no sales claim","Editorial/newsroom route to verify","Unknown — verify before any approved outreach","Verify current policy before outreach; no account or submission created.","8","7","8","5","7","High","Qualified — research only","Desk-qualified from active public site and topical fit; no outreach, submission, account, or placement request made. Timing: DIGITAL PR ONLY."
"The Energy Gang","woodmac.com","https://www.woodmac.com/podcasts/the-energy-gang/","Energy podcast","United States / national or stated audience","Energy professionals","Active, editorially credible energy podcast with audience overlap around homeowner solar decisions.","Editorial guest or data-source pitch","future original research","Transparent homeowner-decision data","Editorial producer page","Unknown — verify before any approved outreach","Verify current policy before outreach; no account or submission created.","7","7","8","5","6","Medium","Qualified — research only","Desk-qualified from active public site and topical fit; no outreach, submission, account, or placement request made. Timing: DIGITAL PR ONLY."
"Volts Podcast","volts.wtf","https://www.volts.wtf/","Energy newsletter and podcast","United States / national or stated audience","Energy policy readers","Active, editorially credible energy newsletter and podcast with audience overlap around homeowner solar decisions.","Editorial guest or data-source pitch","future original research","Transparent homeowner-decision data","Editorial producer page","Unknown — verify before any approved outreach","Verify current policy before outreach; no account or submission created.","7","7","8","5","6","Medium","Qualified — research only","Desk-qualified from active public site and topical fit; no outreach, submission, account, or placement request made. Timing: DIGITAL PR ONLY."
"Catalyst with Shayle Kann","ctvc.co","https://www.ctvc.co/catalyst","Climate-tech podcast","United States / national or stated audience","Climate-tech audience","Active, editorially credible climate-tech podcast with audience overlap around homeowner solar decisions.","Editorial guest or data-source pitch","future original research","Transparent homeowner-decision data","Editorial producer page","Unknown — verify before any approved outreach","Verify current policy before outreach; no account or submission created.","7","7","8","5","6","Medium","Qualified — research only","Desk-qualified from active public site and topical fit; no outreach, submission, account, or placement request made. Timing: DIGITAL PR ONLY."
"Clean Power Hour","cleanpowerhour.com","https://cleanpowerhour.com/","Clean-energy podcast","United States / national or stated audience","Energy professionals","Active, editorially credible clean-energy podcast with audience overlap around homeowner solar decisions.","Editorial guest or data-source pitch","future original research","Transparent homeowner-decision data","Editorial producer page","Unknown — verify before any approved outreach","Verify current policy before outreach; no account or submission created.","7","7","8","5","6","Medium","Qualified — research only","Desk-qualified from active public site and topical fit; no outreach, submission, account, or placement request made. Timing: DIGITAL PR ONLY."
"Watt It Takes","wattittakes.com","https://www.wattittakes.com/","Climate-tech podcast","United States / national or stated audience","Climate-tech audience","Active, editorially credible climate-tech podcast with audience overlap around homeowner solar decisions.","Editorial guest or data-source pitch","future original research","Transparent homeowner-decision data","Editorial producer page","Unknown — verify before any approved outreach","Verify current policy before outreach; no account or submission created.","7","7","8","5","6","Medium","Qualified — research only","Desk-qualified from active public site and topical fit; no outreach, submission, account, or placement request made. Timing: DIGITAL PR ONLY."
"My Climate Journey","myclimatejourney.co","https://www.myclimatejourney.co/","Climate-tech podcast","United States / national or stated audience","Climate-tech audience","Active, editorially credible climate-tech podcast with audience overlap around homeowner solar decisions.","Editorial guest or data-source pitch","future original research","Transparent homeowner-decision data","Editorial producer page","Unknown — verify before any approved outreach","Verify current policy before outreach; no account or submission created.","7","7","8","5","6","Medium","Qualified — research only","Desk-qualified from active public site and topical fit; no outreach, submission, account, or placement request made. Timing: DIGITAL PR ONLY."
"The Big Switch","thebigswitchpodcast.com","https://www.thebigswitchpodcast.com/","Climate podcast","United States / national or stated audience","Climate-aware consumers","Active, editorially credible climate podcast with audience overlap around homeowner solar decisions.","Editorial guest or data-source pitch","future original research","Transparent homeowner-decision data","Editorial producer page","Unknown — verify before any approved outreach","Verify current policy before outreach; no account or submission created.","7","7","8","5","6","Medium","Qualified — research only","Desk-qualified from active public site and topical fit; no outreach, submission, account, or placement request made. Timing: DIGITAL PR ONLY."
"Living Planet","dw.com","https://www.dw.com/en/living-planet/program-19030042","Environment podcast","United States / national or stated audience","Sustainability audience","Active, editorially credible environment podcast with audience overlap around homeowner solar decisions.","Editorial guest or data-source pitch","future original research","Transparent homeowner-decision data","Editorial producer page","Unknown — verify before any approved outreach","Verify current policy before outreach; no account or submission created.","7","7","8","5","6","Medium","Qualified — research only","Desk-qualified from active public site and topical fit; no outreach, submission, account, or placement request made. Timing: DIGITAL PR ONLY."
"Factor This","renewableenergyworld.com","https://www.renewableenergyworld.com/factor-this/","Energy podcast","United States / national or stated audience","Energy professionals","Active, editorially credible energy podcast with audience overlap around homeowner solar decisions.","Editorial guest or data-source pitch","future original research","Transparent homeowner-decision data","Editorial producer page","Unknown — verify before any approved outreach","Verify current policy before outreach; no account or submission created.","7","7","8","5","6","Medium","Qualified — research only","Desk-qualified from active public site and topical fit; no outreach, submission, account, or placement request made. Timing: DIGITAL PR ONLY."
"The Carbon Copy","canarymedia.com","https://www.canarymedia.com/podcasts/the-carbon-copy","Climate newsletter and podcast","United States / national or stated audience","Climate-aware consumers","Active, editorially credible climate newsletter and podcast with audience overlap around homeowner solar decisions.","Editorial guest or data-source pitch","future original research","Transparent homeowner-decision data","Editorial producer page","Unknown — verify before any approved outreach","Verify current policy before outreach; no account or submission created.","7","7","8","5","6","Medium","Qualified — research only","Desk-qualified from active public site and topical fit; no outreach, submission, account, or placement request made. Timing: DIGITAL PR ONLY."
"EnergySage Solar Marketplace","energysage.com","https://www.energysage.com/solar/","Solar marketplace","United States / national or stated audience","US property owners","Active, editorially credible solar marketplace with audience overlap around homeowner solar decisions.","Evidence-led resource inclusion or expert contribution","future solar system-size estimator","Independent sizing/checklist resource for homeowners","Editorial/contact route to verify","Unknown — verify before any approved outreach","Verify current policy before outreach; no account or submission created.","7","8","7","7","7","High","Qualified — research only","Desk-qualified from active public site and topical fit; no outreach, submission, account, or placement request made. Timing: AFTER ESTIMATOR."
"Solar Energy International","solarenergy.org","https://www.solarenergy.org/","Solar education nonprofit","United States / national or stated audience","Solar learners","Active, editorially credible solar education nonprofit with audience overlap around homeowner solar decisions.","Resource review or educational collaboration","future solar system-size estimator","Independent, cited homeowner tool","Contact/editorial route to verify","Unknown — verify before any approved outreach","Verify current policy before outreach; no account or submission created.","8","8","8","5","6","Medium","Qualified — research only","Desk-qualified from active public site and topical fit; no outreach, submission, account, or placement request made. Timing: AFTER ESTIMATOR."
"NABCEP","nabcep.org","https://www.nabcep.org/","Solar certification body","United States / national or stated audience","Solar professionals","Active, editorially credible solar certification body with audience overlap around homeowner solar decisions.","Evidence-led resource inclusion or expert contribution","future solar system-size estimator","Independent sizing/checklist resource for homeowners","Editorial/contact route to verify","Unknown — verify before any approved outreach","Verify current policy before outreach; no account or submission created.","7","8","7","7","7","High","Qualified — research only","Desk-qualified from active public site and topical fit; no outreach, submission, account, or placement request made. Timing: AFTER ESTIMATOR."
"National Renewable Energy Laboratory","nrel.gov","https://www.nrel.gov/solar/","Energy research laboratory","United States / national or stated audience","Energy researchers and consumers","Active, editorially credible energy research laboratory with audience overlap around homeowner solar decisions.","Reference-only research or tool citation; commercial links unlikely","/how-many-solar-panels-do-i-need","Methodology and consumer-education data","Unknown","Unknown — verify before any approved outreach","Verify current policy before outreach; no account or submission created.","9","7","10","2","2","Low","Qualified — research only","Desk-qualified from active public site and topical fit; no outreach, submission, account, or placement request made. Timing: AFTER ESTIMATOR."
"World Resources Institute","wri.org","https://www.wri.org/energy","Energy research nonprofit","United States / national or stated audience","Policy and sustainability readers","Active, editorially credible energy research nonprofit with audience overlap around homeowner solar decisions.","Reference-only research or tool citation; commercial links unlikely","/how-many-solar-panels-do-i-need","Methodology and consumer-education data","Unknown","Unknown — verify before any approved outreach","Verify current policy before outreach; no account or submission created.","9","7","10","2","2","Low","Qualified — research only","Desk-qualified from active public site and topical fit; no outreach, submission, account, or placement request made. Timing: AFTER ESTIMATOR."
"Generation180","generation180.org","https://generation180.org/","Clean-energy nonprofit","United States / national or stated audience","Homeowners and communities","Active, editorially credible clean-energy nonprofit with audience overlap around homeowner solar decisions.","Resource review or educational collaboration","future solar system-size estimator","Independent, cited homeowner tool","Contact/editorial route to verify","Unknown — verify before any approved outreach","Verify current policy before outreach; no account or submission created.","8","8","8","5","6","Medium","Qualified — research only","Desk-qualified from active public site and topical fit; no outreach, submission, account, or placement request made. Timing: AFTER ESTIMATOR."
"Groundswell","groundswell.org","https://groundswell.org/","Community energy nonprofit","United States / national or stated audience","Community energy audiences","Active, editorially credible community energy nonprofit with audience overlap around homeowner solar decisions.","Resource review or educational collaboration","future solar system-size estimator","Independent, cited homeowner tool","Contact/editorial route to verify","Unknown — verify before any approved outreach","Verify current policy before outreach; no account or submission created.","8","8","8","5","6","Medium","Qualified — research only","Desk-qualified from active public site and topical fit; no outreach, submission, account, or placement request made. Timing: AFTER ESTIMATOR."
"National Wildlife Federation","nwf.org","https://www.nwf.org/","Environmental nonprofit","United States / national or stated audience","US consumers","Active, editorially credible environmental nonprofit with audience overlap around homeowner solar decisions.","Resource review or educational collaboration","future solar system-size estimator","Independent, cited homeowner tool","Contact/editorial route to verify","Unknown — verify before any approved outreach","Verify current policy before outreach; no account or submission created.","8","8","8","5","6","Medium","Qualified — research only","Desk-qualified from active public site and topical fit; no outreach, submission, account, or placement request made. Timing: AFTER ESTIMATOR."
"American Council on Renewable Energy","acore.org","https://acore.org/","Renewable-energy association","United States / national or stated audience","Energy professionals","Active, editorially credible renewable-energy association with audience overlap around homeowner solar decisions.","Resource review or educational collaboration","future solar system-size estimator","Independent, cited homeowner tool","Contact/editorial route to verify","Unknown — verify before any approved outreach","Verify current policy before outreach; no account or submission created.","8","8","8","5","6","Medium","Qualified — research only","Desk-qualified from active public site and topical fit; no outreach, submission, account, or placement request made. Timing: AFTER ESTIMATOR."
"Advanced Energy United","advancedenergyunited.org","https://advancedenergyunited.org/","Clean-energy association","United States / national or stated audience","Energy policy readers","Active, editorially credible clean-energy association with audience overlap around homeowner solar decisions.","Resource review or educational collaboration","future solar system-size estimator","Independent, cited homeowner tool","Contact/editorial route to verify","Unknown — verify before any approved outreach","Verify current policy before outreach; no account or submission created.","8","8","8","5","6","Medium","Qualified — research only","Desk-qualified from active public site and topical fit; no outreach, submission, account, or placement request made. Timing: AFTER ESTIMATOR."
"EnergySage Heat Pumps","energysage.com","https://www.energysage.com/heat-pumps/","Home-energy marketplace","United States / national or stated audience","US homeowners","Active, editorially credible home-energy marketplace with audience overlap around homeowner solar decisions.","Evidence-led resource inclusion or expert contribution","future solar system-size estimator","Independent sizing/checklist resource for homeowners","Editorial/contact route to verify","Unknown — verify before any approved outreach","Verify current policy before outreach; no account or submission created.","7","8","7","7","7","High","Qualified — research only","Desk-qualified from active public site and topical fit; no outreach, submission, account, or placement request made. Timing: AFTER ESTIMATOR."
